<!DOCTYPE mapper PUBLIC "-//mybatis.org//DTD Mapper 3.0//EN" "http://mybatis.org/dtd/mybatis-3-mapper.dtd">
<mapper namespace="com.project.crx.dao.CrxDAO">

	<resultMap id="Result" type="CrxVO">
        <!-- user 테이블 필드 -->    
        <id property="userid" column="userid" />
        <result property="userpwd" column="userpwd" />
        <result property="username" column="username" />
        <result property="usermail" column="usermail" />
        <result property="usertel" column="usertel" />
        <result property="parenttel" column="parenttel" />
        <result property="usergender" column="usergender" />
        <result property="userbirth" column="userbirth" />
        <result property="useradd" column="useradd" />
        <result property="userpost" column="userpost" />
        <result property="level" column="level" />
        <result property="status" column="status" />

        <!-- member 테이블 필드 -->
        <result property="memid" column="memid" />
        <result property="mempwd" column="mempwd" />
        <result property="memname" column="memname" />
        <result property="memmail" column="memmail" />
        <result property="memtel" column="memtel" />
        <result property="memdate" column="memdate" />
        <result property="memgender" column="memgender" />
        <result property="membirth" column="membirth" />
        <result property="memgrade" column="memgrade" />
        <result property="memadd" column="memadd" />
        <result property="mempost" column="mempost" />
        <result property="user_userid" column="user_userid" />
        <result property="division_divno" column="division_divno" />
    </resultMap>

	<select id="userLogin" parameterType="com.project.crx.vo.CrxVO" resultType="com.project.crx.vo.CrxVO">
	    select userid, userpwd, username, level
	    from user
	    where userid = #{userid} AND userpwd = #{userpwd}
	</select>
	
	<!-- 멤버 로그인 -->
	<select id="memberLogin" parameterType="com.project.crx.vo.CrxVO" resultType="com.project.crx.vo.CrxVO">
	    select memid AS userid, mempwd AS userpwd, memname AS username
	    from member
	    where memid = #{userid} and mempwd = #{userpwd}
	</select>

	<!-- 일반 사용자의 기본 정보 -->
	<select id="userInfo" parameterType="int" resultType="CrxVO">
		select *
		from user
		left join member on user.userid = member.user_userid
		where user.userid = #{userid}
	</select>

	<!-- 카카오 로그인 사용자의 기본 정보 -->
	<select id="userInfoEmail" parameterType="String" resultType="CrxVO">
		select *
		from user
		where usermail = #{usermail}
	</select>

	<!-- 사용자의 기본 정보 변경 -->
	<update id="updateUserInfo" parameterType="CrxVO">
		update user
		set username = #{username},
		userbirth = #{userbirth},
		usertel = #{usertel},
		usermail = #{usermail},
		useradd = #{useradd},
		userpost = #{userpost}
		where userid = #{userid}
	</update>
	
	<!-- 멤버 테이블의 기본 정보 수정 -->
	<update id="updateMemberInfo" parameterType="CrxVO">
	    update member
	    set memname = #{memname},
        membirth = #{membirth},
        memtel = #{memtel},
        memmail = #{memmail},
        memadd = #{memadd},
        mempost = #{mempost}
	    where memid = #{memid}
	</update>

	<!-- 사용자의 비밀번호 변경 -->
	<update id="updatePwdId" parameterType="CrxVO">
		update user
		set userpwd = #{userpwd}
		where userid = #{userid}
	</update>
	
	<!-- 사원의 비밀번호 변경 -->
	<update id="updatePwdMem" parameterType="CrxVO">
		update member
		set mempwd = #{mempwd}
		where memid = #{memid}
	</update>

	<!-- 카카오 로그인 사용자의 비밀번호 초기 설정 -->
	<update id="updatePwdMail" parameterType="CrxVO">
	    update user
	    set userpwd = #{userpwd},
	        status = #{status}
	    where usermail = #{usermail}
	</update>

	<insert id="insertUser" parameterType="CrxVO" useGeneratedKeys="true" keyProperty="userid">
	    insert into user (userpwd, username, usermail, usertel, parenttel, usergender, userbirth, useradd, userpost, level, status)
	    values (#{userpwd}, #{username}, #{usermail}, #{usertel}, #{parenttel}, #{usergender}, #{userbirth}, #{useradd}, #{userpost}, #{level}, #{status});
	</insert>
	
	<select id="existChildUser" parameterType="map" resultType="boolean">
	    select count(*) > 0
	    from user
	    where username = #{username} and parenttel = #{parenttel}
	</select>

	<select id="existUser" parameterType="map" resultType="boolean">
	    select count(*) > 0
	    from user
	    where username = #{username} and usertel = #{usertel}
	</select>

</mapper>
