<!DOCTYPE mapper PUBLIC "-//mybatis.org//DTD Mapper 3.0//EN"
"http://mybatis.org/dtd/mybatis-3-mapper.dtd">
<mapper namespace="com.project.crx.dao.TourDAO">
	<resultMap id="Result" type="com.project.crx.vo.TourVO">
		<result property="tournum" column="tournum" />
		<result property="tourname" column="tourname" />
		<result property="tourno" column="tourno" />
		<result property="tourcoin" column="tourcoin" />
		<result property="tourtitle" column="tourtitle" />
		<result property="tourcomment" column="tourcomment" />
		<result property="tourcontent" column="tourcontent" />
		<result property="tourcost" column="tourcost" />
		<result property="tournoted" column="tournoted" />
		<result property="file1" column="file1" />
		<result property="file2" column="file2" />
		<result property="file3" column="file3" />		
		<result property="reservno" column="reservno" />
		<result property="tourcount" column="tourcount" />
		<result property="tourdate" column="tourdate" />
		<result property="totalcoin" column="totalcoin" />
		<result property="userid" column="userid" />
		
		<result property="imp_uid" column="imp_uid" />
		<result property="merchant_uid" column="merchant_uid" />
		<result property="paid_amount" column="paid_amount" />
		<result property="apply_num" column="apply_num" />
		<result property="pay_method" column="pay_method" />
		<result property="reservno" column="reservno" />
		<result property="username" column="username" />
		<result property="tourname" column="tourname" />
		<result property="tourno" column="tourno" />
		<result property="tourdatepay" column="tourdatepay" />
		<result property="count" column="count" />
		<result property="coin" column="coin" />
	</resultMap>
	
	<!-- 관광상품 리스트 -->
	<select id="tourList" resultMap="Result">
		select *
		from tour
	</select>
	
	<!-- 관광상품 번호로 삭제하게-->
	<delete id="tourDelete" parameterType="TourVO">
		delete
		from
		tour
		where tournum=#{tournum}		
	</delete>
	
	<!-- 관광상품 등록 -->
	<insert id="tourReserv" parameterType="TourVO">
		insert
		into
		reservtour
		(tourtitle, tourno, tourname, tourcount, tourdate, totalcoin, user_userid)
		values
		(#{tourtitle}, #{tourno}, #{tourname}, #{tourcount}, #{tourdate}, #{totalcoin}, #{userid})
	</insert>
	
	<!-- 관광상품 장바구니 -->
	<select id="cartList" resultMap="Result">
		select *
		from reservtour
		where user_userid = #{userid}
	</select>
	
	<!-- 기차예매 장바구니 -->
	<select id="trainList" resultMap="Result">
		select *
		from reservation
		where userid = #{userid}
	</select>
	
    <!-- 예약번호(reservno)를 기반으로 예약 삭제 -->
    <delete id="delTourCart" parameterType="String">
        delete
        from reservtour
        WHERE reservno = #{reservno}
    </delete>
    
	<insert id="insertPaymentRecord" parameterType="TourVO">
		INSERT INTO paytour (apply_num, userid, reservno, username, tourname, tourno, tourdatepay, count, coin, imp_uid, merchant_uid, paid_amount, paytime)
		VALUES (#{apply_num}, #{userid}, #{reservno}, #{username}, #{tourname}, #{tourno}, #{tourdatepay}, #{count}, #{coin}, #{imp_uid}, #{merchant_uid}, #{paid_amount}, now())
	</insert>
	
	<select id="tourTicket" resultMap="Result">
		select *
		from paytour
		where apply_num = #{apply_num}
	</select>
	
		<!-- 관광상품 번호로 삭제하게-->
	<delete id="deltourticket" parameterType="TourVO">
		delete
		from reservtour
		where reservno=#{reservno}		
	</delete>
</mapper>
